Incidencia de notas nas Listas de Aproveitamento digitadas (Parâmetros: 20181, CTC,    , 208,        )
semestre;centroDoDepartamento;nomeDoCentro;departamento;nomeDoDepartamento_Campus;turmaDoCurso;disciplina;nomeDaDisciplina;HorasAulas;qtdeNota10,0;qtdeNota9,5_9,0;qtdeNota8,5_8,0;qtdeNota7,5_7,0;qtdeNota6,5_6,0;qtdeNota5,5_5,0;qtdeNota4,5_4,0;qtdeNota3,5_3,0;qtdeNota2,5_2,0;qtdeNota1,5_0,5;nota0_FS;nota0_FI; qtdeDeAlunosDaTurmaComNotas;mencaoI; Aprovados;Reprovados_FS;Reprovados_FI;
 20181 ; CCB ; Ciências Biológicas                                          ; BOT ; Botânica                                                     ; CIÊNCIAS DA COMPUTAÇÃO                                                                                                                                                                                                                                     ; BOT7021 ; Biotecnologia Vegetal                                                                                ; 72 ; 0 ; 0 ; 0 ; 0 ; 0 ; 0 ; 0 ; 0 ; 0 ; 0 ; 0 ; 1 ; 1 ; 0 ; 0 ; 0 ; 1 ; 
 20181 ; CCB ; Ciências Biológicas                                          ; CFS ; Ciências Fisiológicas                                        ; CIÊNCIAS DA COMPUTAÇÃO                                                                                                                                                                                                                                     ; CFS7001 ; Biofísica Instrumental                                                                               ; 36 ; 0 ; 0 ; 0 ; 0 ; 1 ; 0 ; 0 ; 0 ; 0 ; 0 ; 0 ; 0 ; 1 ; 0 ; 1 ; 0 ; 0 ; 
 20181 ; CCB ; Ciências Biológicas                                          ; ECZ ; Ecologia e Zoologia                                          ; CIÊNCIAS DA COMPUTAÇÃO                                                                                                                                                                                                                                     ; ECZ7021 ; Introdução à Ecologia - PCC 10 horas                                                                 ; 72 ; 0 ; 0 ; 0 ; 0 ; 0 ; 1 ; 0 ; 0 ; 0 ; 0 ; 0 ; 0 ; 1 ; 0 ; 0 ; 1 ; 0 ; 
 20181 ; CCE ; Comunicação e Expressão                                      ; LLV ; Língua e Literatura Vernáculas                               ; CIÊNCIAS DA COMPUTAÇÃO                                                                                                                                                                                                                                     ; LLV7612 ; Lingüística Computacional II (PCC 30 h/a)                                                            ; 60 ; 0 ; 1 ; 0 ; 0 ; 0 ; 0 ; 0 ; 0 ; 0 ; 0 ; 0 ; 0 ; 1 ; 0 ; 1 ; 0 ; 0 ; 
 20181 ; CCE ; Comunicação e Expressão                                      ; LSB ; Libras                                                       ; CIÊNCIAS DA COMPUTAÇÃO                                                                                                                                                                                                                                     ; LSB7904 ; Língua Brasileira de Sinais I (PCC 18horas-aula)                                                     ; 72 ; 0 ; 3 ; 0 ; 0 ; 0 ; 0 ; 0 ; 0 ; 0 ; 0 ; 0 ; 0 ; 3 ; 0 ; 3 ; 0 ; 0 ; 
 20181 ; CCS ; Ciências da Saúde                                            ; NTR ; Nutrição                                                     ; CIÊNCIAS DA COMPUTAÇÃO                                                                                                                                                                                                                                     ; NTR5604 ; Avaliação Nutricional                                                                                ; 72 ; 0 ; 0 ; 0 ; 0 ; 0 ; 0 ; 0 ; 0 ; 0 ; 0 ; 0 ; 1 ; 1 ; 0 ; 0 ; 0 ; 1 ; 
 20181 ; CDS ; Desportos                                                    ; EFC ; (Coordenação de Educação Fisica Curricular)                  ; CIÊNCIAS DA COMPUTAÇÃO                                                                                                                                                                                                                                     ; EFC5552 ; Futebol Suíço Masculino: Iniciação                                                                   ; 54 ; 1 ; 0 ; 0 ; 0 ; 0 ; 0 ; 0 ; 0 ; 0 ; 0 ; 0 ; 0 ; 1 ; 0 ; 1 ; 0 ; 0 ; 
 20181 ; CDS ; Desportos                                                    ; EFC ; (Coordenação de Educação Fisica Curricular)                  ; CIÊNCIAS DA COMPUTAÇÃO                                                                                                                                                                                                                                     ; EFC5556 ; Natação Mista: Iniciação                                                                             ; 54 ; 0 ; 0 ; 1 ; 0 ; 0 ; 0 ; 0 ; 0 ; 0 ; 0 ; 0 ; 0 ; 1 ; 0 ; 1 ; 0 ; 0 ; 
 20181 ; CDS ; Desportos                                                    ; EFC ; (Coordenação de Educação Fisica Curricular)                  ; CIÊNCIAS DA COMPUTAÇÃO                                                                                                                                                                                                                                     ; EFC5557 ; Tênis: Iniciação                                                                                     ; 54 ; 1 ; 0 ; 0 ; 0 ; 0 ; 0 ; 0 ; 0 ; 0 ; 0 ; 0 ; 0 ; 1 ; 0 ; 1 ; 0 ; 0 ; 
 20181 ; CDS ; Desportos                                                    ; EFC ; (Coordenação de Educação Fisica Curricular)                  ; CIÊNCIAS DA COMPUTAÇÃO                                                                                                                                                                                                                                     ; EFC5561 ; Handebol Masculino                                                                                   ; 54 ; 0 ; 1 ; 0 ; 0 ; 0 ; 0 ; 0 ; 0 ; 0 ; 0 ; 0 ; 0 ; 1 ; 0 ; 1 ; 0 ; 0 ; 
 20181 ; CDS ; Desportos                                                    ; EFC ; (Coordenação de Educação Fisica Curricular)                  ; CIÊNCIAS DA COMPUTAÇÃO                                                                                                                                                                                                                                     ; EFC5573 ; Futsal - Iniciação                                                                                   ; 72 ; 2 ; 0 ; 1 ; 0 ; 0 ; 0 ; 0 ; 0 ; 0 ; 0 ; 0 ; 0 ; 3 ; 0 ; 3 ; 0 ; 0 ; 
 20181 ; CDS ; Desportos                                                    ; EFC ; (Coordenação de Educação Fisica Curricular)                  ; CIÊNCIAS DA COMPUTAÇÃO                                                                                                                                                                                                                                     ; EFC5668 ; Voleibol Masculino: Aperfeiçoamento                                                                  ; 72 ; 1 ; 0 ; 1 ; 0 ; 0 ; 0 ; 0 ; 0 ; 0 ; 0 ; 0 ; 0 ; 2 ; 0 ; 2 ; 0 ; 0 ; 
 20181 ; CDS ; Desportos                                                    ; EFC ; (Coordenação de Educação Fisica Curricular)                  ; CIÊNCIAS DA COMPUTAÇÃO                                                                                                                                                                                                                                     ; EFC5801 ; Condicionamento Físico                                                                               ; 72 ; 1 ; 2 ; 0 ; 0 ; 0 ; 0 ; 0 ; 0 ; 0 ; 0 ; 0 ; 0 ; 3 ; 0 ; 3 ; 0 ; 0 ; 
 20181 ; CFH ; Filosofia e Ciências Humanas                                 ; FIL ; Filosofia                                                    ; CIÊNCIAS DA COMPUTAÇÃO                                                                                                                                                                                                                                     ; FIL5622 ; Ontologia II (PCC - 18 horas/aula)                                                                   ; 72 ; 0 ; 1 ; 0 ; 0 ; 0 ; 0 ; 0 ; 0 ; 0 ; 0 ; 0 ; 0 ; 1 ; 0 ; 1 ; 0 ; 0 ; 
 20181 ; CFH ; Filosofia e Ciências Humanas                                 ; GCN ; Geociências                                                  ; CIÊNCIAS DA COMPUTAÇÃO                                                                                                                                                                                                                                     ; GCN7110 ; Cartografia Aplicada                                                                                 ; 72 ; 0 ; 0 ; 0 ; 0 ; 0 ; 0 ; 0 ; 0 ; 0 ; 0 ; 0 ; 0 ; 0 ; 0 ; 0 ; 0 ; 0 ; 
 20181 ; CFH ; Filosofia e Ciências Humanas                                 ; GCN ; Geociências                                                  ; CIÊNCIAS DA COMPUTAÇÃO                                                                                                                                                                                                                                     ; GCN7115 ; Mineralogia III                                                                                      ; 72 ; 0 ; 0 ; 0 ; 0 ; 0 ; 0 ; 0 ; 0 ; 0 ; 0 ; 0 ; 0 ; 0 ; 0 ; 0 ; 0 ; 0 ; 
 20181 ; CFH ; Filosofia e Ciências Humanas                                 ; PSI ; Psicologia                                                   ; CIÊNCIAS DA COMPUTAÇÃO                                                                                                                                                                                                                                     ; PSI7002 ; Psicologia Organizacional                                                                            ; 72 ; 0 ; 0 ; 1 ; 1 ; 0 ; 0 ; 0 ; 0 ; 0 ; 0 ; 0 ; 0 ; 2 ; 0 ; 2 ; 0 ; 0 ; 
 20181 ; CFH ; Filosofia e Ciências Humanas                                 ; PSI ; Psicologia                                                   ; CIÊNCIAS DA COMPUTAÇÃO                                                                                                                                                                                                                                     ; PSI7102 ; História da Psicologia (PCC 18 horas-aula)                                                           ; 72 ; 0 ; 0 ; 0 ; 0 ; 1 ; 0 ; 0 ; 0 ; 0 ; 0 ; 0 ; 0 ; 1 ; 0 ; 1 ; 0 ; 0 ; 
 20181 ; CFH ; Filosofia e Ciências Humanas                                 ; PSI ; Psicologia                                                   ; CIÊNCIAS DA COMPUTAÇÃO                                                                                                                                                                                                                                     ; PSI7103 ; Prática e Pesquisa Orientada I (PCC 10 horas-aula)                                                   ; 72 ; 0 ; 0 ; 0 ; 0 ; 0 ; 0 ; 0 ; 0 ; 0 ; 0 ; 1 ; 0 ; 1 ; 0 ; 0 ; 1 ; 0 ; 
 20181 ; CFH ; Filosofia e Ciências Humanas                                 ; PSI ; Psicologia                                                   ; CIÊNCIAS DA COMPUTAÇÃO                                                                                                                                                                                                                                     ; PSI7117 ; Sociedade e Loucura                                                                                  ; 54 ; 1 ; 0 ; 0 ; 0 ; 0 ; 0 ; 0 ; 0 ; 0 ; 0 ; 0 ; 0 ; 1 ; 0 ; 1 ; 0 ; 0 ; 
 20181 ; CFH ; Filosofia e Ciências Humanas                                 ; PSI ; Psicologia                                                   ; CIÊNCIAS DA COMPUTAÇÃO                                                                                                                                                                                                                                     ; PSI7202 ; Processos Psicológicos Básicos                                                                       ; 54 ; 0 ; 0 ; 0 ; 0 ; 0 ; 0 ; 0 ; 0 ; 0 ; 0 ; 0 ; 1 ; 1 ; 0 ; 0 ; 0 ; 1 ; 
 20181 ; CFM ; Ciências Físicas e Matemáticas                               ; FSC ; Física                                                       ; CIÊNCIAS DA COMPUTAÇÃO                                                                                                                                                                                                                                     ; FSC5101 ; Física I                                                                                             ; 72 ; 0 ; 0 ; 1 ; 0 ; 0 ; 0 ; 0 ; 0 ; 0 ; 0 ; 0 ; 0 ; 1 ; 0 ; 1 ; 0 ; 0 ; 
 20181 ; CFM ; Ciências Físicas e Matemáticas                               ; FSC ; Física                                                       ; CIÊNCIAS DA COMPUTAÇÃO                                                                                                                                                                                                                                     ; FSC5107 ; Física Geral - I-A                                                                                   ; 108 ; 0 ; 0 ; 0 ; 0 ; 0 ; 0 ; 0 ; 0 ; 0 ; 0 ; 0 ; 0 ; 0 ; 0 ; 0 ; 0 ; 0 ; 
 20181 ; CFM ; Ciências Físicas e Matemáticas                               ; MTM ; Matemática                                                   ; CIÊNCIAS DA COMPUTAÇÃO                                                                                                                                                                                                                                     ; MTM3100 ; Pré-Cálculo                                                                                          ; 72 ; 0 ; 7 ; 7 ; 7 ; 10 ; 2 ; 2 ; 3 ; 3 ; 5 ; 2 ; 8 ; 56 ; 0 ; 31 ; 17 ; 8 ; 
 20181 ; CFM ; Ciências Físicas e Matemáticas                               ; MTM ; Matemática                                                   ; CIÊNCIAS DA COMPUTAÇÃO                                                                                                                                                                                                                                     ; MTM3101 ; Cálculo 1                                                                                            ; 72 ; 0 ; 0 ; 4 ; 5 ; 12 ; 2 ; 5 ; 10 ; 15 ; 11 ; 4 ; 10 ; 78 ; 0 ; 21 ; 47 ; 10 ; 
 20181 ; CFM ; Ciências Físicas e Matemáticas                               ; MTM ; Matemática                                                   ; CIÊNCIAS DA COMPUTAÇÃO                                                                                                                                                                                                                                     ; MTM3102 ; Cálculo 2                                                                                            ; 72 ; 0 ; 0 ; 1 ; 11 ; 14 ; 0 ; 4 ; 1 ; 4 ; 6 ; 1 ; 11 ; 53 ; 0 ; 26 ; 16 ; 11 ; 
 20181 ; CFM ; Ciências Físicas e Matemáticas                               ; MTM ; Matemática                                                   ; CIÊNCIAS DA COMPUTAÇÃO                                                                                                                                                                                                                                     ; MTM3411 ; Laboratório de Matemática I (PCC 72h-a)*                                                             ; 72 ; 0 ; 0 ; 1 ; 0 ; 0 ; 0 ; 0 ; 0 ; 0 ; 0 ; 0 ; 0 ; 1 ; 0 ; 1 ; 0 ; 0 ; 
 20181 ; CFM ; Ciências Físicas e Matemáticas                               ; MTM ; Matemática                                                   ; CIÊNCIAS DA COMPUTAÇÃO                                                                                                                                                                                                                                     ; MTM5161 ; Cálculo A                                                                                            ; 72 ; 0 ; 0 ; 0 ; 0 ; 0 ; 0 ; 0 ; 0 ; 0 ; 0 ; 0 ; 0 ; 0 ; 0 ; 0 ; 0 ; 0 ; 
 20181 ; CFM ; Ciências Físicas e Matemáticas                               ; MTM ; Matemática                                                   ; CIÊNCIAS DA COMPUTAÇÃO                                                                                                                                                                                                                                     ; MTM5162 ; Cálculo B                                                                                            ; 72 ; 0 ; 0 ; 0 ; 0 ; 0 ; 0 ; 0 ; 0 ; 0 ; 0 ; 0 ; 2 ; 2 ; 0 ; 0 ; 0 ; 2 ; 
 20181 ; CFM ; Ciências Físicas e Matemáticas                               ; MTM ; Matemática                                                   ; CIÊNCIAS DA COMPUTAÇÃO                                                                                                                                                                                                                                     ; MTM5245 ; Álgebra Linear                                                                                       ; 72 ; 0 ; 13 ; 12 ; 10 ; 11 ; 0 ; 3 ; 2 ; 0 ; 8 ; 0 ; 6 ; 65 ; 0 ; 46 ; 13 ; 6 ; 
 20181 ; CFM ; Ciências Físicas e Matemáticas                               ; MTM ; Matemática                                                   ; CIÊNCIAS DA COMPUTAÇÃO                                                                                                                                                                                                                                     ; MTM5512 ; Geometria Analítica                                                                                  ; 72 ; 0 ; 0 ; 4 ; 2 ; 14 ; 1 ; 1 ; 2 ; 7 ; 9 ; 3 ; 10 ; 53 ; 0 ; 20 ; 23 ; 10 ; 
 20181 ; CFM ; Ciências Físicas e Matemáticas                               ; MTM ; Matemática                                                   ; CIÊNCIAS DA COMPUTAÇÃO                                                                                                                                                                                                                                     ; MTM5801 ; H Cálculo I                                                                                          ; 108 ; 3 ; 0 ; 0 ; 0 ; 1 ; 0 ; 0 ; 0 ; 0 ; 0 ; 0 ; 0 ; 4 ; 0 ; 4 ; 0 ; 0 ; 
 20181 ; CFM ; Ciências Físicas e Matemáticas                               ; MTM ; Matemática                                                   ; CIÊNCIAS DA COMPUTAÇÃO                                                                                                                                                                                                                                     ; MTM7174 ; Cálculo B para Computação                                                                            ; 72 ; 0 ; 0 ; 0 ; 0 ; 0 ; 0 ; 0 ; 0 ; 0 ; 0 ; 0 ; 0 ; 0 ; 0 ; 0 ; 0 ; 0 ; 
 20181 ; CFM ; Ciências Físicas e Matemáticas                               ; QMC ; Química                                                      ; CIÊNCIAS DA COMPUTAÇÃO                                                                                                                                                                                                                                     ; QMC5115 ; Química geral                                                                                        ; 108 ; 0 ; 0 ; 1 ; 0 ; 0 ; 0 ; 0 ; 0 ; 0 ; 0 ; 0 ; 0 ; 1 ; 0 ; 1 ; 0 ; 0 ; 
 20181 ; CFM ; Ciências Físicas e Matemáticas                               ; QMC ; Química                                                      ; CIÊNCIAS DA COMPUTAÇÃO                                                                                                                                                                                                                                     ; QMC5235 ; Fundamentos de Química Geral e Orgânica                                                              ; 72 ; 0 ; 0 ; 0 ; 0 ; 1 ; 0 ; 0 ; 0 ; 0 ; 0 ; 0 ; 0 ; 1 ; 0 ; 1 ; 0 ; 0 ; 
 20181 ; CSE ; Sócio-Econômico                                              ; CAD ; Ciências da Administração                                    ; CIÊNCIAS DA COMPUTAÇÃO                                                                                                                                                                                                                                     ; CAD5103 ; Administração I                                                                                      ; 72 ; 0 ; 0 ; 1 ; 0 ; 0 ; 0 ; 0 ; 0 ; 0 ; 0 ; 0 ; 0 ; 1 ; 0 ; 1 ; 0 ; 0 ; 
 20181 ; CSE ; Sócio-Econômico                                              ; CAD ; Ciências da Administração                                    ; CIÊNCIAS DA COMPUTAÇÃO                                                                                                                                                                                                                                     ; CAD5146 ; Marketing Pessoal em Informática                                                                     ; 36 ; 0 ; 0 ; 0 ; 5 ; 0 ; 1 ; 0 ; 0 ; 0 ; 0 ; 0 ; 0 ; 6 ; 0 ; 5 ; 1 ; 0 ; 
 20181 ; CSE ; Sócio-Econômico                                              ; CAD ; Ciências da Administração                                    ; CIÊNCIAS DA COMPUTAÇÃO                                                                                                                                                                                                                                     ; CAD5240 ; Aspectos Comportamentais do Empreendedor                                                             ; 36 ; 0 ; 7 ; 3 ; 0 ; 0 ; 0 ; 0 ; 0 ; 0 ; 0 ; 0 ; 0 ; 10 ; 0 ; 10 ; 0 ; 0 ; 
 20181 ; CSE ; Sócio-Econômico                                              ; CAD ; Ciências da Administração                                    ; CIÊNCIAS DA COMPUTAÇÃO                                                                                                                                                                                                                                     ; CAD5241 ; Recursos Humanos em Informática                                                                      ; 72 ; 0 ; 0 ; 0 ; 0 ; 0 ; 0 ; 0 ; 0 ; 0 ; 0 ; 0 ; 0 ; 0 ; 0 ; 0 ; 0 ; 0 ; 
 20181 ; CSE ; Sócio-Econômico                                              ; CAD ; Ciências da Administração                                    ; CIÊNCIAS DA COMPUTAÇÃO                                                                                                                                                                                                                                     ; CAD7001 ; Introdução a Administração                                                                           ; 72 ; 0 ; 1 ; 0 ; 1 ; 0 ; 0 ; 0 ; 0 ; 0 ; 0 ; 0 ; 1 ; 3 ; 0 ; 2 ; 0 ; 1 ; 
 20181 ; CSE ; Sócio-Econômico                                              ; CNM ; Economia e Relações Internacionais                           ; CIÊNCIAS DA COMPUTAÇÃO                                                                                                                                                                                                                                     ; CNM7307 ; Mercado de Capitais I                                                                                ; 72 ; 0 ; 0 ; 0 ; 0 ; 4 ; 0 ; 0 ; 0 ; 0 ; 0 ; 0 ; 0 ; 4 ; 0 ; 4 ; 0 ; 0 ; 
 20181 ; CTC ; Tecnológico                                                  ; EEL ; Engenharia Elétrica                                          ; CIÊNCIAS DA COMPUTAÇÃO                                                                                                                                                                                                                                     ; EEL5105 ; Circuitos e Técnicas Digitais                                                                        ; 90 ; 4 ; 8 ; 11 ; 11 ; 6 ; 4 ; 4 ; 5 ; 0 ; 1 ; 0 ; 16 ; 70 ; 0 ; 40 ; 14 ; 16 ; 
 20181 ; CTC ; Tecnológico                                                  ; EEL ; Engenharia Elétrica                                          ; CIÊNCIAS DA COMPUTAÇÃO                                                                                                                                                                                                                                     ; EEL7011 ; Laboratório de Eletricidade Básica                                                                   ; 36 ; 0 ; 2 ; 0 ; 0 ; 0 ; 0 ; 0 ; 0 ; 0 ; 0 ; 0 ; 0 ; 2 ; 0 ; 2 ; 0 ; 0 ; 
 20181 ; CTC ; Tecnológico                                                  ; EGC ; Engenharia do Conhecimento                                   ; CIÊNCIAS DA COMPUTAÇÃO                                                                                                                                                                                                                                     ; EGC5001 ; Fundamentos de Gestão do Conhecimento                                                                ; 72 ; 0 ; 1 ; 0 ; 0 ; 0 ; 0 ; 0 ; 0 ; 0 ; 0 ; 0 ; 0 ; 1 ; 0 ; 1 ; 0 ; 0 ; 
 20181 ; CTC ; Tecnológico                                                  ; EGC ; Engenharia do Conhecimento                                   ; CIÊNCIAS DA COMPUTAÇÃO                                                                                                                                                                                                                                     ; EGC5009 ; Geração de Idéias e Criatividade em Informática                                                      ; 54 ; 1 ; 0 ; 0 ; 0 ; 0 ; 0 ; 0 ; 0 ; 0 ; 0 ; 0 ; 1 ; 2 ; 0 ; 1 ; 0 ; 1 ; 
 20181 ; CTC ; Tecnológico                                                  ; EGC ; Engenharia do Conhecimento                                   ; CIÊNCIAS DA COMPUTAÇÃO                                                                                                                                                                                                                                     ; EGC5015 ; Teoria Geral de Sistemas                                                                             ; 72 ; 0 ; 2 ; 1 ; 1 ; 1 ; 0 ; 0 ; 0 ; 0 ; 0 ; 0 ; 1 ; 6 ; 0 ; 5 ; 0 ; 1 ; 
 20181 ; CTC ; Tecnológico                                                  ; EGC ; Engenharia do Conhecimento                                   ; CIÊNCIAS DA COMPUTAÇÃO                                                                                                                                                                                                                                     ; EGC5016 ; Planejamento de Sistemas de Informação e Conhecimento                                                ; 36 ; 0 ; 0 ; 0 ; 2 ; 0 ; 0 ; 0 ; 0 ; 0 ; 0 ; 0 ; 0 ; 2 ; 0 ; 2 ; 0 ; 0 ; 
 20181 ; CTC ; Tecnológico                                                  ; EGC ; Engenharia do Conhecimento                                   ; CIÊNCIAS DA COMPUTAÇÃO                                                                                                                                                                                                                                     ; EGC5263 ; Finanças Pessoais                                                                                    ; 72 ; 0 ; 0 ; 0 ; 4 ; 0 ; 0 ; 0 ; 0 ; 0 ; 0 ; 0 ; 0 ; 4 ; 0 ; 4 ; 0 ; 0 ; 
 20181 ; CTC ; Tecnológico                                                  ; EMC ; Engenharia Mecânica                                          ; CIÊNCIAS DA COMPUTAÇÃO                                                                                                                                                                                                                                     ; EMC5730 ; Métodos Estatísticos para Engenharia de Materiais                                                    ; 56 ; 0 ; 0 ; 0 ; 0 ; 0 ; 0 ; 0 ; 0 ; 0 ; 0 ; 0 ; 0 ; 0 ; 0 ; 0 ; 0 ; 0 ; 
 20181 ; CTC ; Tecnológico                                                  ; EMC ; Engenharia Mecânica                                          ; CIÊNCIAS DA COMPUTAÇÃO                                                                                                                                                                                                                                     ; EMC5732 ; Estrutura Cristalina de Sólidos                                                                      ; 28 ; 0 ; 0 ; 0 ; 0 ; 0 ; 0 ; 0 ; 0 ; 0 ; 0 ; 0 ; 0 ; 0 ; 0 ; 0 ; 0 ; 0 ; 
 20181 ; CTC ; Tecnológico                                                  ; EMC ; Engenharia Mecânica                                          ; CIÊNCIAS DA COMPUTAÇÃO                                                                                                                                                                                                                                     ; EMC5733 ; Análise Termo-Fisica de Materiais                                                                    ; 28 ; 0 ; 0 ; 0 ; 0 ; 0 ; 0 ; 0 ; 0 ; 0 ; 0 ; 0 ; 0 ; 0 ; 0 ; 0 ; 0 ; 0 ; 
 20181 ; CTC ; Tecnológico                                                  ; EMC ; Engenharia Mecânica                                          ; CIÊNCIAS DA COMPUTAÇÃO                                                                                                                                                                                                                                     ; EMC5746 ; Materiais Vítreos                                                                                    ; 42 ; 0 ; 0 ; 0 ; 0 ; 0 ; 0 ; 0 ; 0 ; 0 ; 0 ; 0 ; 0 ; 0 ; 0 ; 0 ; 0 ; 0 ; 
 20181 ; CTC ; Tecnológico                                                  ; EPS ; Engenharia de Produção e Sistemas                            ; CIÊNCIAS DA COMPUTAÇÃO                                                                                                                                                                                                                                     ; EPS5211 ; Programação Econômica e Financeira                                                                   ; 54 ; 0 ; 0 ; 0 ; 0 ; 0 ; 0 ; 0 ; 0 ; 0 ; 0 ; 2 ; 1 ; 3 ; 0 ; 0 ; 2 ; 1 ; 
 20181 ; CTC ; Tecnológico                                                  ; INE ; Informática e Estatística                                    ; CIÊNCIAS DA COMPUTAÇÃO                                                                                                                                                                                                                                     ; INE5401 ; Introdução à Computação                                                                              ; 36 ; 6 ; 21 ; 10 ; 5 ; 4 ; 0 ; 1 ; 0 ; 0 ; 0 ; 0 ; 2 ; 49 ; 0 ; 46 ; 1 ; 2 ; 
 20181 ; CTC ; Tecnológico                                                  ; INE ; Informática e Estatística                                    ; CIÊNCIAS DA COMPUTAÇÃO                                                                                                                                                                                                                                     ; INE5402 ; Programação Orientada a Objetos I                                                                    ; 108 ; 3 ; 15 ; 7 ; 7 ; 8 ; 4 ; 3 ; 1 ; 1 ; 3 ; 0 ; 10 ; 62 ; 0 ; 40 ; 12 ; 10 ; 
 20181 ; CTC ; Tecnológico                                                  ; INE ; Informática e Estatística                                    ; CIÊNCIAS DA COMPUTAÇÃO                                                                                                                                                                                                                                     ; INE5403 ; Fundamentos de Matemática Discreta para Computação                                                   ; 108 ; 2 ; 3 ; 6 ; 11 ; 13 ; 3 ; 5 ; 4 ; 3 ; 4 ; 1 ; 17 ; 72 ; 0 ; 35 ; 20 ; 17 ; 
 20181 ; CTC ; Tecnológico                                                  ; INE ; Informática e Estatística                                    ; CIÊNCIAS DA COMPUTAÇÃO                                                                                                                                                                                                                                     ; INE5404 ; Programação Orientada a Objetos II                                                                   ; 108 ; 2 ; 7 ; 8 ; 14 ; 7 ; 1 ; 1 ; 1 ; 0 ; 1 ; 0 ; 5 ; 47 ; 0 ; 38 ; 4 ; 5 ; 
 20181 ; CTC ; Tecnológico                                                  ; INE ; Informática e Estatística                                    ; CIÊNCIAS DA COMPUTAÇÃO                                                                                                                                                                                                                                     ; INE5405 ; Probabilidade e Estatística                                                                          ; 90 ; 6 ; 4 ; 4 ; 4 ; 5 ; 0 ; 0 ; 0 ; 0 ; 0 ; 0 ; 4 ; 27 ; 0 ; 23 ; 0 ; 4 ; 
 20181 ; CTC ; Tecnológico                                                  ; INE ; Informática e Estatística                                    ; CIÊNCIAS DA COMPUTAÇÃO                                                                                                                                                                                                                                     ; INE5406 ; Sistemas Digitais                                                                                    ; 90 ; 0 ; 1 ; 0 ; 4 ; 12 ; 5 ; 4 ; 5 ; 4 ; 15 ; 1 ; 11 ; 62 ; 0 ; 17 ; 34 ; 11 ; 
 20181 ; CTC ; Tecnológico                                                  ; INE ; Informática e Estatística                                    ; CIÊNCIAS DA COMPUTAÇÃO                                                                                                                                                                                                                                     ; INE5407 ; Ciência, Tecnologia e Sociedade                                                                      ; 54 ; 10 ; 16 ; 5 ; 4 ; 3 ; 0 ; 0 ; 0 ; 0 ; 0 ; 0 ; 7 ; 45 ; 0 ; 38 ; 0 ; 7 ; 
 20181 ; CTC ; Tecnológico                                                  ; INE ; Informática e Estatística                                    ; CIÊNCIAS DA COMPUTAÇÃO                                                                                                                                                                                                                                     ; INE5408 ; Estruturas de Dados                                                                                  ; 108 ; 0 ; 1 ; 4 ; 13 ; 9 ; 1 ; 4 ; 0 ; 0 ; 0 ; 0 ; 5 ; 37 ; 0 ; 27 ; 5 ; 5 ; 
 20181 ; CTC ; Tecnológico                                                  ; INE ; Informática e Estatística                                    ; CIÊNCIAS DA COMPUTAÇÃO                                                                                                                                                                                                                                     ; INE5409 ; Cálculo Numérico para Computação                                                                     ; 72 ; 0 ; 4 ; 2 ; 8 ; 9 ; 1 ; 0 ; 0 ; 0 ; 0 ; 0 ; 1 ; 25 ; 0 ; 23 ; 1 ; 1 ; 
 20181 ; CTC ; Tecnológico                                                  ; INE ; Informática e Estatística                                    ; CIÊNCIAS DA COMPUTAÇÃO                                                                                                                                                                                                                                     ; INE5410 ; Programação Concorrente                                                                              ; 72 ; 0 ; 2 ; 5 ; 8 ; 10 ; 4 ; 2 ; 1 ; 4 ; 2 ; 0 ; 10 ; 48 ; 0 ; 25 ; 13 ; 10 ; 
 20181 ; CTC ; Tecnológico                                                  ; INE ; Informática e Estatística                                    ; CIÊNCIAS DA COMPUTAÇÃO                                                                                                                                                                                                                                     ; INE5411 ; Organização de Computadores I                                                                        ; 108 ; 0 ; 0 ; 1 ; 5 ; 14 ; 4 ; 5 ; 3 ; 6 ; 4 ; 0 ; 5 ; 47 ; 0 ; 20 ; 22 ; 5 ; 
 20181 ; CTC ; Tecnológico                                                  ; INE ; Informática e Estatística                                    ; CIÊNCIAS DA COMPUTAÇÃO                                                                                                                                                                                                                                     ; INE5412 ; Sistemas Operacionais I                                                                              ; 72 ; 0 ; 0 ; 1 ; 8 ; 12 ; 1 ; 0 ; 1 ; 0 ; 0 ; 0 ; 5 ; 28 ; 0 ; 21 ; 2 ; 5 ; 
 20181 ; CTC ; Tecnológico                                                  ; INE ; Informática e Estatística                                    ; CIÊNCIAS DA COMPUTAÇÃO                                                                                                                                                                                                                                     ; INE5413 ; Grafos                                                                                               ; 72 ; 0 ; 1 ; 3 ; 10 ; 4 ; 0 ; 0 ; 1 ; 0 ; 1 ; 0 ; 4 ; 24 ; 0 ; 18 ; 2 ; 4 ; 
 20181 ; CTC ; Tecnológico                                                  ; INE ; Informática e Estatística                                    ; CIÊNCIAS DA COMPUTAÇÃO                                                                                                                                                                                                                                     ; INE5414 ; Redes de Computadores I                                                                              ; 72 ; 0 ; 2 ; 6 ; 8 ; 5 ; 0 ; 0 ; 2 ; 7 ; 3 ; 0 ; 10 ; 43 ; 0 ; 21 ; 12 ; 10 ; 
 20181 ; CTC ; Tecnológico                                                  ; INE ; Informática e Estatística                                    ; CIÊNCIAS DA COMPUTAÇÃO                                                                                                                                                                                                                                     ; INE5415 ; Teoria da Computação                                                                                 ; 72 ; 0 ; 0 ; 1 ; 4 ; 8 ; 1 ; 0 ; 2 ; 1 ; 1 ; 0 ; 4 ; 22 ; 0 ; 13 ; 5 ; 4 ; 
 20181 ; CTC ; Tecnológico                                                  ; INE ; Informática e Estatística                                    ; CIÊNCIAS DA COMPUTAÇÃO                                                                                                                                                                                                                                     ; INE5416 ; Paradigmas de Programação                                                                            ; 90 ; 3 ; 3 ; 4 ; 4 ; 5 ; 0 ; 0 ; 0 ; 0 ; 2 ; 0 ; 2 ; 23 ; 0 ; 19 ; 2 ; 2 ; 
 20181 ; CTC ; Tecnológico                                                  ; INE ; Informática e Estatística                                    ; CIÊNCIAS DA COMPUTAÇÃO                                                                                                                                                                                                                                     ; INE5417 ; Engenharia de Software I                                                                             ; 90 ; 0 ; 1 ; 4 ; 6 ; 3 ; 1 ; 0 ; 1 ; 0 ; 1 ; 1 ; 3 ; 21 ; 0 ; 14 ; 4 ; 3 ; 
 20181 ; CTC ; Tecnológico                                                  ; INE ; Informática e Estatística                                    ; CIÊNCIAS DA COMPUTAÇÃO                                                                                                                                                                                                                                     ; INE5418 ; Computação Distribuída                                                                               ; 72 ; 1 ; 6 ; 7 ; 7 ; 3 ; 0 ; 0 ; 0 ; 0 ; 0 ; 0 ; 1 ; 25 ; 0 ; 24 ; 0 ; 1 ; 
 20181 ; CTC ; Tecnológico                                                  ; INE ; Informática e Estatística                                    ; CIÊNCIAS DA COMPUTAÇÃO                                                                                                                                                                                                                                     ; INE5419 ; Engenharia de Software II                                                                            ; 72 ; 3 ; 3 ; 4 ; 2 ; 2 ; 0 ; 0 ; 0 ; 0 ; 0 ; 0 ; 0 ; 14 ; 0 ; 14 ; 0 ; 0 ; 
 20181 ; CTC ; Tecnológico                                                  ; INE ; Informática e Estatística                                    ; CIÊNCIAS DA COMPUTAÇÃO                                                                                                                                                                                                                                     ; INE5420 ; Computação Gráfica                                                                                   ; 72 ; 2 ; 6 ; 6 ; 3 ; 3 ; 0 ; 0 ; 0 ; 1 ; 1 ; 3 ; 2 ; 27 ; 0 ; 20 ; 5 ; 2 ; 
 20181 ; CTC ; Tecnológico                                                  ; INE ; Informática e Estatística                                    ; CIÊNCIAS DA COMPUTAÇÃO                                                                                                                                                                                                                                     ; INE5421 ; Linguagens Formais e Compiladores                                                                    ; 72 ; 0 ; 0 ; 1 ; 8 ; 22 ; 0 ; 2 ; 4 ; 7 ; 5 ; 0 ; 2 ; 51 ; 0 ; 31 ; 18 ; 2 ; 
 20181 ; CTC ; Tecnológico                                                  ; INE ; Informática e Estatística                                    ; CIÊNCIAS DA COMPUTAÇÃO                                                                                                                                                                                                                                     ; INE5422 ; Redes de Computadores II                                                                             ; 72 ; 0 ; 2 ; 6 ; 8 ; 14 ; 0 ; 1 ; 0 ; 0 ; 0 ; 0 ; 1 ; 32 ; 0 ; 30 ; 1 ; 1 ; 
 20181 ; CTC ; Tecnológico                                                  ; INE ; Informática e Estatística                                    ; CIÊNCIAS DA COMPUTAÇÃO                                                                                                                                                                                                                                     ; INE5423 ; Banco de Dados I                                                                                     ; 72 ; 0 ; 4 ; 10 ; 14 ; 7 ; 2 ; 0 ; 0 ; 0 ; 0 ; 0 ; 2 ; 39 ; 0 ; 35 ; 2 ; 2 ; 
 20181 ; CTC ; Tecnológico                                                  ; INE ; Informática e Estatística                                    ; CIÊNCIAS DA COMPUTAÇÃO                                                                                                                                                                                                                                     ; INE5424 ; Sistemas Operacionais II                                                                             ; 72 ; 3 ; 11 ; 4 ; 3 ; 4 ; 0 ; 0 ; 0 ; 2 ; 0 ; 2 ; 7 ; 36 ; 0 ; 25 ; 4 ; 7 ; 
 20181 ; CTC ; Tecnológico                                                  ; INE ; Informática e Estatística                                    ; CIÊNCIAS DA COMPUTAÇÃO                                                                                                                                                                                                                                     ; INE5425 ; Modelagem e Simulação                                                                                ; 72 ; 0 ; 1 ; 5 ; 1 ; 1 ; 0 ; 4 ; 1 ; 0 ; 1 ; 0 ; 5 ; 19 ; 0 ; 8 ; 6 ; 5 ; 
 20181 ; CTC ; Tecnológico                                                  ; INE ; Informática e Estatística                                    ; CIÊNCIAS DA COMPUTAÇÃO                                                                                                                                                                                                                                     ; INE5426 ; Construção de Compiladores                                                                           ; 72 ; 0 ; 3 ; 3 ; 7 ; 2 ; 0 ; 0 ; 0 ; 0 ; 0 ; 0 ; 0 ; 15 ; 0 ; 15 ; 0 ; 0 ; 
 20181 ; CTC ; Tecnológico                                                  ; INE ; Informática e Estatística                                    ; CIÊNCIAS DA COMPUTAÇÃO                                                                                                                                                                                                                                     ; INE5427 ; Planejamento e Gestão de Projetos                                                                    ; 72 ; 1 ; 1 ; 14 ; 1 ; 1 ; 0 ; 0 ; 0 ; 0 ; 0 ; 0 ; 3 ; 21 ; 0 ; 18 ; 0 ; 3 ; 
 20181 ; CTC ; Tecnológico                                                  ; INE ; Informática e Estatística                                    ; CIÊNCIAS DA COMPUTAÇÃO                                                                                                                                                                                                                                     ; INE5428 ; Informática e Sociedade                                                                              ; 72 ; 9 ; 4 ; 0 ; 8 ; 3 ; 1 ; 1 ; 0 ; 2 ; 2 ; 0 ; 1 ; 31 ; 0 ; 24 ; 6 ; 1 ; 
 20181 ; CTC ; Tecnológico                                                  ; INE ; Informática e Estatística                                    ; CIÊNCIAS DA COMPUTAÇÃO                                                                                                                                                                                                                                     ; INE5429 ; Segurança em Computação                                                                              ; 72 ; 0 ; 3 ; 5 ; 3 ; 10 ; 0 ; 0 ; 0 ; 1 ; 1 ; 1 ; 5 ; 29 ; 0 ; 21 ; 3 ; 5 ; 
 20181 ; CTC ; Tecnológico                                                  ; INE ; Informática e Estatística                                    ; CIÊNCIAS DA COMPUTAÇÃO                                                                                                                                                                                                                                     ; INE5430 ; Inteligência Artificial                                                                              ; 72 ; 0 ; 0 ; 4 ; 9 ; 9 ; 0 ; 0 ; 1 ; 1 ; 0 ; 0 ; 3 ; 27 ; 0 ; 22 ; 2 ; 3 ; 
 20181 ; CTC ; Tecnológico                                                  ; INE ; Informática e Estatística                                    ; CIÊNCIAS DA COMPUTAÇÃO                                                                                                                                                                                                                                     ; INE5431 ; Sistemas Multimídia                                                                                  ; 72 ; 0 ; 2 ; 5 ; 8 ; 6 ; 2 ; 0 ; 0 ; 0 ; 0 ; 0 ; 1 ; 24 ; 0 ; 21 ; 2 ; 1 ; 
 20181 ; CTC ; Tecnológico                                                  ; INE ; Informática e Estatística                                    ; CIÊNCIAS DA COMPUTAÇÃO                                                                                                                                                                                                                                     ; INE5432 ; Banco de Dados II                                                                                    ; 72 ; 0 ; 4 ; 5 ; 7 ; 4 ; 0 ; 0 ; 0 ; 0 ; 2 ; 0 ; 0 ; 22 ; 0 ; 20 ; 2 ; 0 ; 
 20181 ; CTC ; Tecnológico                                                  ; INE ; Informática e Estatística                                    ; CIÊNCIAS DA COMPUTAÇÃO                                                                                                                                                                                                                                     ; INE5433 ; Trabalho de Conclusão de Curso I (TCC)                                                               ; 108 ; 4 ; 9 ; 3 ; 5 ; 3 ; 1 ; 0 ; 0 ; 0 ; 0 ; 10 ; 0 ; 35 ; 0 ; 24 ; 11 ; 0 ; 
 20181 ; CTC ; Tecnológico                                                  ; INE ; Informática e Estatística                                    ; CIÊNCIAS DA COMPUTAÇÃO                                                                                                                                                                                                                                     ; INE5434 ; Trabalho de Conclusão de Curso II (TCC)                                                              ; 162 ; 5 ; 9 ; 3 ; 1 ; 0 ; 1 ; 0 ; 0 ; 0 ; 0 ; 5 ; 0 ; 24 ; 0 ; 18 ; 6 ; 0 ; 
 20181 ; CTC ; Tecnológico                                                  ; INE ; Informática e Estatística                                    ; CIÊNCIAS DA COMPUTAÇÃO                                                                                                                                                                                                                                     ; INE5435 ; Integração Software/Hardware                                                                         ; 72 ; 0 ; 0 ; 0 ; 0 ; 0 ; 0 ; 0 ; 0 ; 0 ; 0 ; 0 ; 0 ; 0 ; 0 ; 0 ; 0 ; 0 ; 
 20181 ; CTC ; Tecnológico                                                  ; INE ; Informática e Estatística                                    ; CIÊNCIAS DA COMPUTAÇÃO                                                                                                                                                                                                                                     ; INE5437 ; Arquitetura de Computadores II                                                                       ; 72 ; 0 ; 0 ; 0 ; 0 ; 0 ; 0 ; 0 ; 0 ; 0 ; 0 ; 0 ; 0 ; 0 ; 0 ; 0 ; 0 ; 0 ; 
 20181 ; CTC ; Tecnológico                                                  ; INE ; Informática e Estatística                                    ; CIÊNCIAS DA COMPUTAÇÃO                                                                                                                                                                                                                                     ; INE5444 ; Estágio Supervisionado I                                                                             ; 72 ; 0 ; 0 ; 1 ; 6 ; 3 ; 0 ; 0 ; 0 ; 1 ; 1 ; 0 ; 0 ; 12 ; 0 ; 10 ; 2 ; 0 ; 
 20181 ; CTC ; Tecnológico                                                  ; INE ; Informática e Estatística                                    ; CIÊNCIAS DA COMPUTAÇÃO                                                                                                                                                                                                                                     ; INE5445 ; Estágio Supervisionado II                                                                            ; 72 ; 0 ; 1 ; 3 ; 4 ; 0 ; 0 ; 0 ; 0 ; 0 ; 1 ; 1 ; 0 ; 10 ; 0 ; 8 ; 2 ; 0 ; 
 20181 ; CTC ; Tecnológico                                                  ; INE ; Informática e Estatística                                    ; CIÊNCIAS DA COMPUTAÇÃO                                                                                                                                                                                                                                     ; INE5448 ; Tópicos Especiais em Aplicações Tecnológicas I                                                       ; 72 ; 0 ; 2 ; 6 ; 1 ; 0 ; 0 ; 0 ; 0 ; 0 ; 0 ; 0 ; 2 ; 11 ; 0 ; 9 ; 0 ; 2 ; 
 20181 ; CTC ; Tecnológico                                                  ; INE ; Informática e Estatística                                    ; CIÊNCIAS DA COMPUTAÇÃO                                                                                                                                                                                                                                     ; INE5450 ; Tópicos Especiais em Aplicações Tecnológicas III                                                     ; 72 ; 0 ; 0 ; 0 ; 0 ; 0 ; 0 ; 0 ; 0 ; 0 ; 0 ; 0 ; 0 ; 0 ; 0 ; 0 ; 0 ; 0 ; 
 20181 ; CTC ; Tecnológico                                                  ; INE ; Informática e Estatística                                    ; CIÊNCIAS DA COMPUTAÇÃO                                                                                                                                                                                                                                     ; INE5451 ; Tópicos Especiais em Algoritmos I                                                                    ; 72 ; 0 ; 0 ; 0 ; 0 ; 0 ; 0 ; 0 ; 0 ; 0 ; 0 ; 0 ; 0 ; 0 ; 0 ; 0 ; 0 ; 0 ; 
 20181 ; CTC ; Tecnológico                                                  ; INE ; Informática e Estatística                                    ; CIÊNCIAS DA COMPUTAÇÃO                                                                                                                                                                                                                                     ; INE5452 ; Tópicos Especiais em Algoritmos II                                                                   ; 72 ; 0 ; 7 ; 9 ; 4 ; 4 ; 0 ; 0 ; 0 ; 0 ; 0 ; 0 ; 2 ; 26 ; 0 ; 24 ; 0 ; 2 ; 
 20181 ; CTC ; Tecnológico                                                  ; INE ; Informática e Estatística                                    ; CIÊNCIAS DA COMPUTAÇÃO                                                                                                                                                                                                                                     ; INE5453 ; Introdução ao Trabalho de Conclusão de Curso                                                         ; 18 ; 13 ; 1 ; 6 ; 1 ; 4 ; 0 ; 0 ; 0 ; 0 ; 0 ; 7 ; 0 ; 32 ; 0 ; 25 ; 7 ; 0 ; 
 20181 ; CTC ; Tecnológico                                                  ; INE ; Informática e Estatística                                    ; CIÊNCIAS DA COMPUTAÇÃO                                                                                                                                                                                                                                     ; INE5461 ; Programa de Intercâmbio I                                                                            ; 0 ; 0 ; 0 ; 0 ; 0 ; 0 ; 0 ; 0 ; 0 ; 0 ; 0 ; 0 ; 2 ; 2 ; 0 ; 0 ; 0 ; 2 ; 
 20181 ; CTC ; Tecnológico                                                  ; INE ; Informática e Estatística                                    ; CIÊNCIAS DA COMPUTAÇÃO                                                                                                                                                                                                                                     ; INE5600 ; Bancos de Dados III                                                                                  ; 36 ; 0 ; 5 ; 1 ; 2 ; 0 ; 0 ; 0 ; 0 ; 0 ; 0 ; 0 ; 0 ; 8 ; 0 ; 8 ; 0 ; 0 ; 
 20181 ; CTC ; Tecnológico                                                  ; INE ; Informática e Estatística                                    ; CIÊNCIAS DA COMPUTAÇÃO                                                                                                                                                                                                                                     ; INE5601 ; Fundamentos Matemáticos da Informática                                                               ; 72 ; 0 ; 0 ; 0 ; 1 ; 1 ; 0 ; 0 ; 0 ; 0 ; 0 ; 0 ; 1 ; 3 ; 0 ; 2 ; 0 ; 1 ; 
 20181 ; CTC ; Tecnológico                                                  ; INE ; Informática e Estatística                                    ; CIÊNCIAS DA COMPUTAÇÃO                                                                                                                                                                                                                                     ; INE5602 ; Introdução à Informática                                                                             ; 72 ; 0 ; 1 ; 0 ; 0 ; 3 ; 0 ; 0 ; 0 ; 0 ; 0 ; 0 ; 1 ; 5 ; 0 ; 4 ; 0 ; 1 ; 
 20181 ; CTC ; Tecnológico                                                  ; INE ; Informática e Estatística                                    ; CIÊNCIAS DA COMPUTAÇÃO                                                                                                                                                                                                                                     ; INE5603 ; Introdução à Programação Orientada a Objetos                                                         ; 108 ; 0 ; 0 ; 0 ; 0 ; 0 ; 0 ; 0 ; 0 ; 0 ; 0 ; 0 ; 1 ; 1 ; 0 ; 0 ; 0 ; 1 ; 
 20181 ; CTC ; Tecnológico                                                  ; INE ; Informática e Estatística                                    ; CIÊNCIAS DA COMPUTAÇÃO                                                                                                                                                                                                                                     ; INE5605 ; Desenvolvimento de Sistemas Orientados a Objetos I                                                   ; 108 ; 2 ; 0 ; 0 ; 2 ; 1 ; 0 ; 0 ; 0 ; 0 ; 0 ; 0 ; 2 ; 7 ; 0 ; 5 ; 0 ; 2 ; 
 20181 ; CTC ; Tecnológico                                                  ; INE ; Informática e Estatística                                    ; CIÊNCIAS DA COMPUTAÇÃO                                                                                                                                                                                                                                     ; INE5607 ; Organização e Arquitetura de Computadores                                                            ; 72 ; 0 ; 0 ; 0 ; 1 ; 0 ; 0 ; 0 ; 0 ; 0 ; 0 ; 0 ; 0 ; 1 ; 0 ; 1 ; 0 ; 0 ; 
 20181 ; CTC ; Tecnológico                                                  ; INE ; Informática e Estatística                                    ; CIÊNCIAS DA COMPUTAÇÃO                                                                                                                                                                                                                                     ; INE5608 ; Análise e Projeto de Sistemas                                                                        ; 72 ; 0 ; 0 ; 0 ; 0 ; 0 ; 0 ; 0 ; 0 ; 0 ; 1 ; 0 ; 0 ; 1 ; 0 ; 0 ; 1 ; 0 ; 
 20181 ; CTC ; Tecnológico                                                  ; INE ; Informática e Estatística                                    ; CIÊNCIAS DA COMPUTAÇÃO                                                                                                                                                                                                                                     ; INE5609 ; Estruturas de Dados                                                                                  ; 108 ; 0 ; 0 ; 0 ; 1 ; 0 ; 0 ; 0 ; 0 ; 0 ; 0 ; 0 ; 1 ; 2 ; 0 ; 1 ; 0 ; 1 ; 
 20181 ; CTC ; Tecnológico                                                  ; INE ; Informática e Estatística                                    ; CIÊNCIAS DA COMPUTAÇÃO                                                                                                                                                                                                                                     ; INE5612 ; Desenvolvimento de Sistemas Orientados a Objetos II                                                  ; 72 ; 0 ; 0 ; 0 ; 0 ; 1 ; 1 ; 0 ; 0 ; 0 ; 0 ; 0 ; 0 ; 2 ; 0 ; 1 ; 1 ; 0 ; 
 20181 ; CTC ; Tecnológico                                                  ; INE ; Informática e Estatística                                    ; CIÊNCIAS DA COMPUTAÇÃO                                                                                                                                                                                                                                     ; INE5613 ; Bancos de Dados I                                                                                    ; 72 ; 0 ; 0 ; 1 ; 4 ; 5 ; 0 ; 0 ; 0 ; 0 ; 0 ; 0 ; 1 ; 11 ; 0 ; 10 ; 0 ; 1 ; 
 20181 ; CTC ; Tecnológico                                                  ; INE ; Informática e Estatística                                    ; CIÊNCIAS DA COMPUTAÇÃO                                                                                                                                                                                                                                     ; INE5614 ; Engenharia de Software                                                                               ; 72 ; 0 ; 0 ; 0 ; 1 ; 2 ; 0 ; 0 ; 0 ; 0 ; 1 ; 0 ; 0 ; 4 ; 0 ; 3 ; 1 ; 0 ; 
 20181 ; CTC ; Tecnológico                                                  ; INE ; Informática e Estatística                                    ; CIÊNCIAS DA COMPUTAÇÃO                                                                                                                                                                                                                                     ; INE5616 ; Bancos de Dados II                                                                                   ; 72 ; 0 ; 0 ; 2 ; 1 ; 0 ; 0 ; 0 ; 0 ; 0 ; 0 ; 0 ; 0 ; 3 ; 0 ; 3 ; 0 ; 0 ; 
 20181 ; CTC ; Tecnológico                                                  ; INE ; Informática e Estatística                                    ; CIÊNCIAS DA COMPUTAÇÃO                                                                                                                                                                                                                                     ; INE5617 ; Gerência de Projetos                                                                                 ; 72 ; 0 ; 1 ; 1 ; 0 ; 3 ; 0 ; 1 ; 0 ; 0 ; 0 ; 0 ; 0 ; 6 ; 0 ; 5 ; 1 ; 0 ; 
 20181 ; CTC ; Tecnológico                                                  ; INE ; Informática e Estatística                                    ; CIÊNCIAS DA COMPUTAÇÃO                                                                                                                                                                                                                                     ; INE5619 ; Administração e Gerência de Redes de Computadores                                                    ; 72 ; 2 ; 1 ; 1 ; 1 ; 0 ; 0 ; 0 ; 0 ; 0 ; 0 ; 0 ; 2 ; 7 ; 0 ; 5 ; 0 ; 2 ; 
 20181 ; CTC ; Tecnológico                                                  ; INE ; Informática e Estatística                                    ; CIÊNCIAS DA COMPUTAÇÃO                                                                                                                                                                                                                                     ; INE5621 ; Informática e Sociedade                                                                              ; 36 ; 0 ; 1 ; 1 ; 0 ; 0 ; 0 ; 0 ; 0 ; 0 ; 0 ; 1 ; 1 ; 4 ; 0 ; 2 ; 1 ; 1 ; 
 20181 ; CTC ; Tecnológico                                                  ; INE ; Informática e Estatística                                    ; CIÊNCIAS DA COMPUTAÇÃO                                                                                                                                                                                                                                     ; INE5622 ; Introdução a Compiladores                                                                            ; 72 ; 0 ; 0 ; 0 ; 0 ; 0 ; 0 ; 0 ; 0 ; 0 ; 0 ; 0 ; 1 ; 1 ; 0 ; 0 ; 0 ; 1 ; 
 20181 ; CTC ; Tecnológico                                                  ; INE ; Informática e Estatística                                    ; CIÊNCIAS DA COMPUTAÇÃO                                                                                                                                                                                                                                     ; INE5624 ; Engenharia de Usabilidade                                                                            ; 72 ; 4 ; 9 ; 5 ; 3 ; 2 ; 0 ; 0 ; 0 ; 1 ; 0 ; 0 ; 0 ; 24 ; 0 ; 23 ; 1 ; 0 ; 
 20181 ; CTC ; Tecnológico                                                  ; INE ; Informática e Estatística                                    ; CIÊNCIAS DA COMPUTAÇÃO                                                                                                                                                                                                                                     ; INE5638 ; Introdução a Projetos                                                                                ; 18 ; 0 ; 0 ; 1 ; 0 ; 0 ; 0 ; 0 ; 0 ; 0 ; 0 ; 0 ; 0 ; 1 ; 0 ; 1 ; 0 ; 0 ; 
 20181 ; CTC ; Tecnológico                                                  ; INE ; Informática e Estatística                                    ; CIÊNCIAS DA COMPUTAÇÃO                                                                                                                                                                                                                                     ; INE5642 ; Gerência de Redes de Telecomunicações                                                                ; 72 ; 0 ; 0 ; 0 ; 0 ; 0 ; 0 ; 0 ; 1 ; 1 ; 0 ; 0 ; 1 ; 3 ; 0 ; 0 ; 2 ; 1 ; 
 20181 ; CTC ; Tecnológico                                                  ; INE ; Informática e Estatística                                    ; CIÊNCIAS DA COMPUTAÇÃO                                                                                                                                                                                                                                     ; INE5643 ; Data Warehouse                                                                                       ; 72 ; 0 ; 0 ; 2 ; 1 ; 2 ; 0 ; 0 ; 0 ; 1 ; 0 ; 0 ; 1 ; 7 ; 0 ; 5 ; 1 ; 1 ; 
 20181 ; CTC ; Tecnológico                                                  ; INE ; Informática e Estatística                                    ; CIÊNCIAS DA COMPUTAÇÃO                                                                                                                                                                                                                                     ; INE5644 ; Data Mining                                                                                          ; 72 ; 0 ; 1 ; 1 ; 1 ; 3 ; 0 ; 0 ; 1 ; 0 ; 1 ; 0 ; 0 ; 8 ; 0 ; 6 ; 2 ; 0 ; 
 20181 ; CTC ; Tecnológico                                                  ; INE ; Informática e Estatística                                    ; CIÊNCIAS DA COMPUTAÇÃO                                                                                                                                                                                                                                     ; INE5646 ; Programação para Web                                                                                 ; 72 ; 0 ; 0 ; 7 ; 2 ; 4 ; 0 ; 0 ; 0 ; 0 ; 0 ; 0 ; 0 ; 13 ; 0 ; 13 ; 0 ; 0 ; 
 20181 ; CTC ; Tecnológico                                                  ; INE ; Informática e Estatística                                    ; CIÊNCIAS DA COMPUTAÇÃO                                                                                                                                                                                                                                     ; INE5649 ; Técnicas Estatísticas de Predição                                                                    ; 72 ; 0 ; 0 ; 0 ; 0 ; 0 ; 0 ; 0 ; 0 ; 0 ; 0 ; 0 ; 2 ; 2 ; 0 ; 0 ; 0 ; 2 ; 
 20181 ; CTC ; Tecnológico                                                  ; INE ; Informática e Estatística                                    ; CIÊNCIAS DA COMPUTAÇÃO                                                                                                                                                                                                                                     ; INE5653 ; Introdução à Internacionalização e Localização de Software                                           ; 36 ; 0 ; 7 ; 4 ; 2 ; 0 ; 0 ; 1 ; 0 ; 0 ; 0 ; 2 ; 3 ; 19 ; 0 ; 13 ; 3 ; 3 ; 
 20181 ; CTC ; Tecnológico                                                  ; INE ; Informática e Estatística                                    ; CIÊNCIAS DA COMPUTAÇÃO                                                                                                                                                                                                                                     ; INE5656 ; Introdução à Lógica Simbólica                                                                        ; 36 ; 0 ; 0 ; 0 ; 0 ; 17 ; 0 ; 0 ; 0 ; 0 ; 0 ; 0 ; 2 ; 19 ; 0 ; 17 ; 0 ; 2 ; 
 20181 ; CTC ; Tecnológico                                                  ; INE ; Informática e Estatística                                    ; CIÊNCIAS DA COMPUTAÇÃO                                                                                                                                                                                                                                     ; INE5658 ; Lógica Simbólica II                                                                                  ; 36 ; 0 ; 0 ; 1 ; 0 ; 10 ; 0 ; 0 ; 0 ; 0 ; 0 ; 0 ; 0 ; 11 ; 0 ; 11 ; 0 ; 0 ; 
 20181 ; CTC ; Tecnológico                                                  ; INE ; Informática e Estatística                                    ; CIÊNCIAS DA COMPUTAÇÃO                                                                                                                                                                                                                                     ; INE5680 ; Segurança da Informação e de Redes                                                                   ; 72 ; 0 ; 0 ; 0 ; 0 ; 0 ; 0 ; 0 ; 0 ; 0 ; 0 ; 0 ; 0 ; 0 ; 0 ; 0 ; 0 ; 0 ; 
 20181 ; CTC ; Tecnológico                                                  ; INE ; Informática e Estatística                                    ; CIÊNCIAS DA COMPUTAÇÃO                                                                                                                                                                                                                                     ; INE5681 ; Modelagem e Automação de Processos de Negócios                                                       ; 72 ; 0 ; 0 ; 2 ; 0 ; 1 ; 0 ; 2 ; 0 ; 0 ; 0 ; 0 ; 1 ; 6 ; 0 ; 3 ; 2 ; 1 ; 
